[
{"id":1,"priority":1,"action":{"type":"redirect","redirect":{"transform":{"queryTransform":{"removeParams":["utm_source","utm_medium","utm_campaign","utm_term","utm_content","utm_id","utm_referrer","utm_name","ga_source","ga_medium","ga_campaign","ga_term","ga_content","yclid","_openstat","fb_action_types","fb_action_ids","fb_source","fb_ref","fbclid","action_object_map","action_type_map","gs_l","mkt_tok","hmb_campaign","hmb_medium","hmb_source","gclid","otm_source","otm_medium","otm_campaign","otm_content","otm_term","cmpid","os_ehash","_ga","_gl","__twitter_impression","wt_mc","wtrid","mc_","dclid","Echobox","spm","vn_","tracking_source","ceneo_spo","itm_campaign","itm_medium","itm_source","__hsfp","__hssc","__hstc","_hsenc","__s","hsCtaTracking","mc_eid","mc_cid","mc_tc","ml_subscriber","ml_subscriber_hash","msclkid","oly_anon_id","oly_enc_id","rb_clickid","s_cid","vero_conv","vero_id","wickedid","twclid","mtm_content","mtm_keyword","mtm_group","mtm_cid","mtm_medium","mtm_placement","mtm_source","mtm_campaign"]}}}},"condition":{"urlFilter":"*","resourceTypes":["xmlhttprequest","main_frame","sub_frame"]}}
]
